,geo_location,Total Dwellings,Residential Dwellings,Owned Dwellings,Rented Dwellings,Provided Dwellings,Other Residential Dwellings,Non-Residential Dwellings,Public Housing,Work Camps,Commercial Dwellings,Other Dwellings
0,"43.605002, -79.422497",328,246,120,55,33,38,82,18,21,9,34
1,"43.618739, -79.426734",716,507,223,126,70,88,209,82,54,46,27
2,"43.689842, -79.422181",990,694,248,246,77,123,296,76,38,42,140
3,"45.510221, -73.612007",467,370,144,79,47,100,97,36,12,21,28
4,"43.710408, -79.36706",733,605,254,145,75,131,128,27,13,33,55
5,"43.754614, -79.351478",975,741,247,245,72,177,234,75,63,46,50
6,"43.674036, -79.429049",373,270,119,94,18,39,103,37,17,15,34
7,"45.537946, -73.551048",755,670,257,217,40,156,85,24,9,18,34
8,"45.526774, -73.628902",680,555,193,194,58,110,125,37,32,26,30
9,"43.652976, -79.425337",674,538,256,181,53,48,136,45,25,24,42
10,"43.799465, -79.436167",605,434,136,100,30,168,171,44,44,21,62
11,"45.538162, -73.550388",641,512,223,103,68,118,129,48,15,33,33
12,"45.57686, -73.615982",400,335,120,125,16,74,65,24,17,10,14
13,"43.701536, -79.439359",740,594,285,199,61,49,146,48,20,18,60
14,"45.576251, -73.596062",897,762,228,234,100,200,135,27,16,24,68
15,"45.523945, -73.625913",680,495,158,192,55,90,185,41,52,26,66
16,"43.73195, -79.355315",269,204,94,78,23,9,65,16,14,18,17
17,"43.74259, -79.410101",787,645,305,244,47,49,142,35,21,16,70
18,"45.502103, -73.594608",702,547,164,118,72,193,155,34,29,19,73
19,"43.771927, -79.442914",343,275,124,86,19,46,68,21,8,17,22
20,"45.5243, -73.602703",516,385,127,89,46,123,131,37,26,26,42
21,"45.586384, -73.644583",769,563,175,163,74,151,206,62,26,35,83
22,"43.638042, -79.405139",532,395,153,138,34,70,137,54,15,27,41
23,"43.610118, -79.350072",956,672,224,194,54,200,284,82,59,58,85
24,"43.77293, -79.359756",268,211,63,66,18,64,57,18,9,11,19
25,"45.51548, -73.620329",159,114,57,32,5,20,45,9,13,11,12
26,"43.611376, -79.399217",971,726,234,162,66,264,245,74,31,60,80
27,"43.715784, -79.446026",183,154,66,46,13,29,29,10,7,4,8
28,"43.653123, -79.436912",760,608,240,161,89,118,152,54,44,17,37
29,"43.691657, -79.350155",202,145,60,35,15,35,57,15,7,10,25
30,"43.775854, -79.413047",261,210,97,61,29,23,51,20,13,5,13
31,"45.593176, -73.639641",999,733,286,175,49,223,266,100,61,35,70
32,"45.528176, -73.628937",451,341,135,132,48,26,110,30,12,13,55
33,"45.582935, -73.645591",441,324,130,84,44,66,117,40,33,24,20
34,"43.622375, -79.355495",807,602,249,124,83,146,205,64,57,55,29
35,"43.685957, -79.445817",473,336,145,93,31,67,137,48,16,24,49
36,"45.597384, -73.575052",342,259,128,102,17,12,83,29,8,13,33
37,"45.578239, -73.608829",785,612,217,142,80,173,173,40,41,19,73
38,"45.522243, -73.568341",571,443,171,117,36,119,128,25,33,18,52
39,"45.532826, -73.563565",891,694,297,268,85,44,197,73,40,20,64
40,"43.775408, -79.423878",694,552,169,123,65,195,142,41,25,37,39
41,"45.543639, -73.551576",218,176,88,47,16,25,42,8,10,4,20
42,"43.672844, -79.443003",780,630,268,166,46,150,150,53,43,24,30
43,"45.566689, -73.617382",813,644,225,177,85,157,169,57,27,35,50
44,"45.554794, -73.649959",393,301,117,110,33,41,92,28,23,23,18
45,"45.567563, -73.598883",912,681,225,208,99,149,231,88,63,62,18
46,"45.509339, -73.5548",340,276,96,106,19,55,64,14,6,6,38
47,"43.796787, -79.388873",886,638,307,233,55,43,248,94,68,48,38
48,"45.539965, -73.635243",804,563,264,222,77,0,241,54,51,38,98
49,"43.760822, -79.380409",575,408,193,112,27,76,167,62,24,45,36
50,"45.595004, -73.560857",727,637,300,241,51,45,90,33,23,17,17
51,"43.767973, -79.422269",896,760,352,213,73,122,136,41,15,35,45
52,"45.523449, -73.616415",653,477,160,114,37,166,176,59,26,30,61
53,"43.682974, -79.416912",577,456,143,117,48,148,121,36,36,30,19
54,"43.771346, -79.373441",489,403,120,125,39,119,86,29,21,25,11
55,"43.697646, -79.422706",597,420,175,127,63,55,177,60,27,46,44
56,"43.796144, -79.396588",503,427,200,169,22,36,76,17,20,11,28
57,"45.518173, -73.623984",435,331,157,107,37,30,104,32,18,23,31
58,"45.583491, -73.602969",867,744,236,237,65,206,123,44,14,36,29
59,"43.750847, -79.355039",304,265,80,92,17,76,39,10,5,10,14
60,"43.712794, -79.428204",816,636,284,169,45,138,180,46,37,24,73
61,"43.785777, -79.39242",484,388,141,86,56,105,96,26,12,18,40
62,"43.759245, -79.393407",142,110,50,35,15,10,32,8,3,7,14
63,"45.501265, -73.607994",601,433,184,132,61,56,168,62,25,43,38
64,"43.746759, -79.353453",376,331,160,125,43,3,45,18,8,9,10
65,"43.766146, -79.441334",561,423,185,156,60,22,138,48,25,23,42
66,"43.698861, -79.417499",599,446,178,122,43,103,153,47,43,34,29
67,"45.555579, -73.598337",295,211,78,68,25,40,84,33,15,23,13
68,"45.544817, -73.648276",401,308,117,105,30,56,93,27,27,20,19
69,"45.555347, -73.615624",863,744,307,238,95,104,119,31,20,19,49
70,"43.624131, -79.430742",222,189,67,49,15,58,33,13,5,8,7
71,"45.598051, -73.566737",403,311,116,73,34,88,92,18,26,13,35
72,"45.504552, -73.644547",399,295,128,114,38,15,104,35,13,10,46
73,"45.54694, -73.605953",288,204,77,70,13,44,84,18,20,23,23
74,"43.715404, -79.381355",255,187,92,56,11,28,68,16,7,14,31
75,"45.560632, -73.570926",331,297,113,87,43,54,34,13,7,9,5
76,"45.556863, -73.643977",857,624,308,221,44,51,233,86,36,39,72
77,"43.631411, -79.432619",176,133,39,39,13,42,43,17,11,8,7
78,"43.646295, -79.379304",819,689,224,196,67,202,130,51,38,33,8
79,"43.685028, -79.395544",763,572,205,219,37,111,191,42,22,29,98
80,"45.559504, -73.567576",395,332,114,125,35,58,63,23,12,10,18
81,"45.543776, -73.590196",542,473,182,171,39,81,69,13,7,9,40
82,"43.799914, -79.382772",375,335,105,89,46,95,40,16,11,8,5
83,"43.799389, -79.406412",933,778,256,275,82,165,155,57,36,35,27
84,"43.771547, -79.41702",810,693,280,240,38,135,117,37,13,21,46
85,"45.532327, -73.552982",513,424,127,168,55,74,89,31,21,9,28
86,"43.703688, -79.387737",610,507,208,198,28,73,103,26,18,27,32
87,"43.785535, -79.406188",815,694,239,145,64,246,121,46,17,21,37
88,"43.71045, -79.440679",961,701,328,170,54,149,260,83,71,44,62
89,"45.541549, -73.60175",583,439,189,157,30,63,144,40,20,43,41
90,"43.772805, -79.422375",908,741,309,277,71,84,167,33,34,35,65
91,"45.586526, -73.605345",595,460,180,162,57,61,135,39,27,23,46
92,"43.796155, -79.426119",492,373,163,79,38,93,119,46,26,33,14
93,"45.538608, -73.583631",940,824,285,290,45,204,116,27,27,29,33
94,"45.58697, -73.562581",550,397,186,137,19,55,153,39,28,42,44
95,"43.614966, -79.371847",371,302,129,104,27,42,69,23,7,19,20
96,"45.585234, -73.564066",489,382,176,145,21,40,107,40,12,17,38
97,"45.599743, -73.575323",544,392,129,134,29,100,152,52,24,43,33
98,"43.609198, -79.370386",400,325,144,120,25,36,75,22,20,12,21
99,"43.635014, -79.389051",491,422,156,147,58,61,69,15,9,13,32
100,"45.545957, -73.583316",923,765,302,292,58,113,158,35,43,37,43
101,"45.563894, -73.607569",356,307,146,80,27,54,49,15,11,5,18
102,"43.676273, -79.414104",402,318,97,113,32,76,84,16,9,23,36
103,"45.577574, -73.626988",921,734,276,194,68,196,187,45,24,20,98
104,"45.578861, -73.646664",473,424,143,95,39,147,49,14,10,6,19
105,"43.626432, -79.396059",474,398,183,113,29,73,76,23,22,16,15
106,"45.580423, -73.603167",177,132,63,33,19,17,45,15,12,9,9
107,"43.758136, -79.448608",649,485,203,144,67,71,164,48,40,39,37
108,"43.734967, -79.402852",734,656,279,187,40,150,78,29,16,20,13
109,"43.627955, -79.355374",411,350,119,82,32,117,61,20,8,12,21
110,"45.537101, -73.555062",813,707,319,180,88,120,106,41,13,25,27
111,"45.593905, -73.622026",806,658,252,244,88,74,148,59,21,41,27
112,"45.509935, -73.581432",657,550,172,160,44,174,107,27,13,24,43
113,"43.732554, -79.38583",711,502,156,200,46,100,209,56,28,56,69
114,"43.613722, -79.373484",312,255,89,65,22,79,57,13,17,14,13
115,"43.655455, -79.351597",233,197,75,50,12,60,36,7,5,3,21
116,"45.578998, -73.626207",431,303,101,76,16,110,128,29,35,25,39
117,"43.749133, -79.402375",896,719,346,170,92,111,177,67,31,19,60
118,"45.545804, -73.553597",162,143,69,40,13,21,19,3,4,4,8
119,"43.779853, -79.417789",251,179,61,52,26,40,72,22,18,12,20
120,"45.599463, -73.596944",564,458,214,146,28,70,106,24,30,30,22
121,"43.686014, -79.361191",523,409,180,132,46,51,114,45,14,21,34
122,"45.531252, -73.624511",256,222,96,48,13,65,34,7,4,9,14
123,"43.748918, -79.412735",233,198,62,76,26,34,35,12,4,9,10
124,"45.587361, -73.555887",533,465,145,129,61,130,68,17,11,7,33
125,"43.630946, -79.401781",967,703,299,234,49,121,264,100,43,62,59
126,"43.761444, -79.365484",885,778,375,161,115,127,107,42,32,18,15
127,"43.636083, -79.37973",416,334,144,66,27,97,82,20,20,10,32
128,"43.748194, -79.352819",193,168,63,57,21,27,25,8,4,3,10
129,"45.531164, -73.617562",681,497,155,118,34,190,184,39,23,35,87
130,"45.566194, -73.601434",552,439,165,114,53,107,113,25,22,24,42
131,"43.656649, -79.382151",598,485,230,136,26,93,113,29,23,30,31
132,"43.601537, -79.419858",316,238,119,63,20,36,78,25,10,7,36
133,"45.574701, -73.632431",489,410,152,146,55,57,79,26,9,19,25
134,"43.687244, -79.404025",179,145,61,42,16,26,34,12,9,7,6
135,"43.681006, -79.35338",275,243,111,77,34,21,32,8,3,6,15
136,"43.648663, -79.391113",636,465,189,132,44,100,171,48,38,27,58
137,"43.702097, -79.438597",622,459,181,135,68,75,163,41,31,22,69
138,"43.651194, -79.43265",256,227,109,49,16,53,29,11,7,5,6
139,"45.575445, -73.574012",559,478,215,177,63,23,81,26,18,12,25
140,"45.506829, -73.605779",410,322,103,109,48,62,88,19,17,22,30
141,"45.503761, -73.613126",393,284,126,111,41,6,109,23,29,29,28
142,"45.546271, -73.594568",910,647,309,177,73,88,263,90,56,58,59
143,"43.791544, -79.404948",930,738,242,276,58,162,192,40,34,47,71
144,"45.552407, -73.589019",472,377,149,124,44,60,95,29,28,10,28
145,"45.506591, -73.640549",794,653,267,194,51,141,141,38,16,32,55
146,"43.783349, -79.418977",771,639,224,148,70,197,132,43,25,33,31
147,"45.581318, -73.582988",948,852,389,193,124,146,96,32,25,20,19
148,"43.67252, -79.431974",319,266,128,84,19,35,53,13,7,7,26
149,"43.659158, -79.371188",619,531,228,212,73,18,88,33,9,18,28
150,"43.719449, -79.434575",285,252,119,99,31,3,33,8,8,6,11
151,"43.682172, -79.382364",343,296,127,77,38,54,47,16,7,12,12
152,"43.661894, -79.369138",580,521,180,151,69,121,59,20,12,12,15
153,"45.577812, -73.599709",528,389,141,154,27,67,139,54,21,14,50
154,"45.587412, -73.594546",205,176,59,53,10,54,29,11,3,4,11
155,"45.590531, -73.635265",547,393,145,135,41,72,154,31,41,18,64
156,"45.550201, -73.626422",183,151,52,30,17,52,32,6,9,8,9
157,"45.579138, -73.63624",393,335,117,127,44,47,58,20,5,6,27
158,"43.651185, -79.366504",661,570,185,213,46,126,91,25,18,12,36
159,"43.647688, -79.386105",737,632,205,140,94,193,105,40,27,10,28
160,"43.743709, -79.420873",101,89,37,24,13,15,12,3,1,3,5
161,"43.704697, -79.41394",638,451,184,150,24,93,187,61,41,34,51
162,"43.671419, -79.443244",346,255,125,88,35,7,91,28,13,10,40
163,"45.554601, -73.568649",279,248,123,92,26,7,31,11,6,8,6
164,"43.7623, -79.44369",894,742,231,223,62,226,152,31,40,21,60
165,"43.663119, -79.418992",507,423,186,116,23,98,84,22,17,19,26
166,"43.77316, -79.416808",227,181,81,61,23,16,46,15,9,6,16
167,"45.569207, -73.613265",916,773,299,175,92,207,143,30,27,33,53
168,"43.709095, -79.417879",181,146,64,38,11,33,35,14,9,5,7
169,"45.535155, -73.645764",990,783,391,267,74,51,207,81,23,24,79
170,"45.536331, -73.56989",795,596,181,137,83,195,199,77,47,21,54
171,"43.613447, -79.372148",475,378,162,147,20,49,97,38,13,23,23
172,"45.537201, -73.573692",687,515,221,149,50,95,172,54,34,32,52
173,"43.605183, -79.431395",630,490,218,113,40,119,140,52,22,36,30
174,"45.521457, -73.588812",810,692,258,169,51,214,118,25,25,16,52
175,"45.599726, -73.568949",965,756,314,167,107,168,209,75,38,39,57
176,"43.742362, -79.357268",753,571,272,160,60,79,182,50,25,30,77
177,"43.647347, -79.400598",469,398,192,126,48,32,71,26,15,9,21
178,"43.61315, -79.410184",834,705,345,246,87,27,129,51,30,14,34
179,"43.794476, -79.385766",560,451,222,156,44,29,109,25,27,30,27
180,"43.753556, -79.437097",614,545,170,215,34,126,69,21,8,10,30
181,"43.632393, -79.356526",330,274,115,72,40,47,56,12,9,8,27
182,"45.512517, -73.619718",646,475,206,177,33,59,171,43,27,38,63
183,"43.765047, -79.447163",146,122,60,42,10,10,24,9,3,6,6
184,"45.561811, -73.646971",742,658,271,208,93,86,84,23,20,17,24
185,"45.507297, -73.644009",550,438,192,146,34,66,112,32,30,15,35
186,"45.586149, -73.618068",981,774,334,187,85,168,207,73,55,26,53
187,"45.524174, -73.637748",560,423,144,96,24,159,137,36,25,40,36
188,"45.524827, -73.563469",263,236,90,83,34,29,27,7,3,8,9
189,"43.699653, -79.398528",610,539,200,170,27,142,71,15,13,15,28
190,"45.596669, -73.628486",461,328,104,101,47,76,133,45,39,33,16
191,"45.528575, -73.649182",210,174,60,50,19,45,36,13,8,3,12
192,"45.505116, -73.593818",471,399,155,88,43,113,72,22,14,19,17
193,"45.582531, -73.587676",725,537,177,119,51,190,188,60,39,53,36
194,"45.575497, -73.630094",621,485,209,102,26,148,136,28,17,35,56
195,"45.580397, -73.598067",252,214,96,50,20,48,38,12,5,9,12
196,"45.559372, -73.599269",621,502,212,190,61,39,119,32,26,11,50
197,"45.533124, -73.63904",526,442,171,176,62,33,84,16,23,16,29
198,"43.74428, -79.391648",274,224,107,83,23,11,50,12,15,8,15
199,"43.714514, -79.379948",295,207,90,61,23,33,88,21,21,14,32
200,"45.550182, -73.588852",582,518,249,196,28,45,64,23,8,14,19
201,"43.712177, -79.350188",589,479,191,135,34,119,110,36,28,21,25
202,"45.567587, -73.563235",797,624,265,185,43,131,173,49,34,36,54
203,"43.788297, -79.351774",889,695,261,264,74,96,194,68,41,54,31
204,"45.528779, -73.592652",656,556,216,215,49,76,100,24,19,11,46
205,"45.595531, -73.642097",552,469,172,154,36,107,83,22,16,16,29
206,"43.621845, -79.375911",345,272,84,96,29,63,73,21,17,10,25
207,"43.62004, -79.416971",583,420,143,84,56,137,163,42,42,46,33
208,"45.565054, -73.574409",394,316,130,70,20,96,78,22,8,12,36
209,"45.588224, -73.632421",137,121,48,39,8,26,16,5,1,1,9
210,"45.556796, -73.63927",443,346,161,138,50,-3,97,34,13,25,25
211,"45.527284, -73.569119",438,326,155,97,27,47,112,22,21,20,49
212,"43.635099, -79.364385",515,414,189,123,25,77,101,32,13,15,41
213,"43.695491, -79.356417",106,82,36,23,11,12,24,6,4,4,10
214,"43.652311, -79.414045",341,245,115,56,26,48,96,28,14,21,33
215,"45.569029, -73.586129",402,328,126,93,24,85,74,29,11,21,13
216,"45.541585, -73.595077",582,503,218,185,38,62,79,22,9,23,25
217,"45.552817, -73.613822",677,501,157,170,57,117,176,47,51,26,52
218,"43.665624, -79.397966",219,196,71,76,24,25,23,4,6,5,8
219,"43.690686, -79.398675",567,468,147,164,52,105,99,28,9,21,41
220,"45.581645, -73.57542",692,502,155,154,47,146,190,42,53,22,73
221,"43.797227, -79.402793",393,327,121,82,42,82,66,18,12,13,23
222,"45.537565, -73.581727",777,681,238,225,49,169,96,24,26,21,25
223,"43.745572, -79.427731",103,72,30,21,9,12,31,10,6,9,6
224,"43.649502, -79.415384",382,291,143,104,38,6,91,21,10,22,38
225,"43.648133, -79.443271",708,503,207,176,68,52,205,44,35,22,104
226,"45.543896, -73.596024",872,624,204,188,49,183,248,63,70,60,55
227,"45.557747, -73.572746",938,738,281,224,54,179,200,73,34,46,47
228,"45.527515, -73.594328",705,537,241,193,53,50,168,64,19,38,47
229,"45.57858, -73.618127",526,420,145,122,45,108,106,26,27,25,28
230,"43.769868, -79.419926",824,612,286,181,88,57,212,45,56,47,64
231,"45.555729, -73.636591",348,275,95,76,33,71,73,16,21,14,22
232,"45.509246, -73.577542",295,209,79,65,31,34,86,18,10,14,44
233,"43.695879, -79.363053",440,346,104,96,29,117,94,21,24,16,33
234,"43.679326, -79.426067",429,336,148,126,50,12,93,29,18,17,29
235,"45.551282, -73.600272",200,170,71,47,19,33,30,8,6,3,13
236,"43.74825, -79.448378",666,572,208,133,40,191,94,28,16,21,29
237,"43.69986, -79.384539",801,646,258,254,94,40,155,60,25,37,33
238,"43.627992, -79.395345",288,259,111,92,13,43,29,9,2,8,10
239,"43.789038, -79.383178",882,618,237,140,83,158,264,92,40,30,102
240,"43.601828, -79.399427",482,344,164,130,18,32,138,27,30,30,51
241,"45.501185, -73.597058",381,334,136,68,48,82,47,15,6,5,21
242,"43.704877, -79.425903",734,647,258,219,66,104,87,29,10,19,29
243,"45.5459, -73.625679",813,626,225,212,83,106,187,42,20,23,102
244,"45.537926, -73.59473",157,109,54,26,6,23,48,16,10,14,8
245,"45.556586, -73.564204",197,170,53,48,14,55,27,10,6,5,6
246,"45.504656, -73.642565",387,339,105,89,36,109,48,9,7,13,19
247,"43.750451, -79.378729",507,363,146,92,54,71,144,35,32,40,37
248,"45.567703, -73.595944",493,441,149,176,27,89,52,18,10,5,19
249,"43.687418, -79.366133",448,390,195,154,44,-3,58,23,10,5,20
250,"45.578355, -73.604945",333,278,118,79,26,55,55,13,15,14,13
251,"45.508569, -73.588138",917,704,229,161,69,245,213,51,45,61,56
252,"43.747931, -79.418332",209,151,45,60,16,30,58,18,10,17,13
253,"45.510223, -73.64127",541,435,201,158,53,23,106,34,13,10,49
254,"43.670783, -79.440694",712,581,284,165,29,103,131,35,26,25,45
255,"43.744969, -79.394046",348,309,102,104,39,64,39,9,5,7,18
256,"45.526841, -73.635407",271,216,81,69,19,47,55,18,6,10,21
257,"45.594422, -73.57791",607,500,228,125,54,93,107,24,14,19,50
258,"43.789765, -79.416778",735,611,285,232,51,43,124,38,22,25,39
259,"43.660087, -79.389679",811,618,246,163,41,168,193,63,39,37,54
260,"45.596776, -73.571803",433,351,140,120,40,51,82,19,14,13,36
261,"43.790601, -79.403838",825,630,245,228,68,89,195,43,45,50,57
262,"43.726667, -79.425798",774,580,265,170,79,66,194,62,23,47,62
263,"45.558224, -73.596563",990,870,368,313,47,142,120,35,34,29,22
264,"43.621874, -79.425177",780,636,232,138,82,184,144,52,24,39,29
265,"45.510594, -73.640139",327,293,134,91,31,37,34,9,10,8,7
266,"45.546306, -73.582044",807,692,245,226,37,184,115,38,14,20,43
267,"45.592055, -73.641415",951,851,291,259,81,220,100,30,24,16,30
268,"45.53483, -73.640238",839,702,291,157,73,181,137,28,38,35,36
269,"43.604517, -79.415692",211,157,62,42,12,41,54,15,13,11,15
270,"45.523186, -73.609495",288,212,103,84,23,2,76,27,7,13,29
271,"45.55922, -73.611116",821,628,214,160,39,215,193,74,25,53,41
272,"43.673159, -79.430293",216,167,81,66,18,2,49,18,10,13,8
273,"45.5587, -73.615208",965,792,395,202,77,118,173,39,25,37,72
274,"43.647715, -79.438305",482,425,145,150,45,85,57,17,14,7,19
275,"45.542304, -73.601333",650,498,220,120,55,103,152,39,19,20,74
276,"45.584199, -73.588059",986,781,236,280,56,209,205,53,44,55,53
277,"45.540913, -73.600827",827,691,332,180,44,135,136,45,13,38,40
278,"43.658418, -79.422515",650,527,179,204,55,89,123,42,35,36,10
279,"45.554973, -73.638679",216,168,84,56,25,3,48,9,11,12,16
280,"43.797955, -79.439758",949,831,312,242,45,232,118,37,19,22,40
281,"43.687814, -79.350604",894,685,258,226,88,113,209,51,59,28,71
282,"43.762706, -79.369456",683,567,238,148,66,115,116,40,16,21,39
283,"45.528933, -73.623266",978,815,268,197,92,258,163,35,33,24,71
284,"43.649935, -79.378861",948,726,317,270,54,85,222,80,62,39,41
285,"45.537517, -73.642448",913,662,301,263,68,30,251,94,48,54,55
286,"45.532729, -73.649753",892,647,311,220,40,76,245,83,49,37,76
287,"45.582485, -73.600529",430,337,144,83,47,63,93,28,10,10,45
288,"43.725236, -79.36633",116,84,30,30,11,13,32,6,6,4,16
289,"43.77643, -79.419813",995,766,252,245,70,199,229,50,45,64,70
290,"43.610357, -79.38744",843,649,303,152,44,150,194,38,32,49,75
291,"43.62654, -79.427381",796,670,203,136,76,255,126,28,25,34,39
292,"43.69554, -79.427105",191,139,44,37,11,47,52,14,7,11,20
293,"43.728315, -79.382286",170,151,63,30,12,46,19,6,3,2,8
294,"43.783979, -79.388392",553,497,176,110,30,181,56,13,6,14,23
295,"45.535154, -73.607061",910,672,264,204,43,161,238,62,58,61,57
296,"45.577897, -73.580952",968,845,330,221,108,186,123,43,28,18,34
297,"45.529554, -73.644543",912,699,335,237,48,79,213,57,52,61,43
298,"43.705657, -79.35223",469,368,126,122,54,66,101,33,21,27,20
299,"43.752545, -79.354555",888,639,195,144,32,268,249,65,37,26,121
300,"43.789736, -79.410202",393,339,154,121,41,23,54,11,15,13,15
301,"43.655494, -79.419009",623,553,191,213,36,113,70,22,12,13,23
302,"43.662034, -79.406251",966,737,235,209,47,246,229,72,29,51,77
303,"43.661858, -79.375831",858,644,223,131,49,241,214,42,31,52,89
304,"45.552301, -73.571701",838,652,237,225,48,142,186,54,25,19,88
305,"45.580711, -73.622802",165,131,61,44,16,10,34,7,10,10,7
306,"45.505544, -73.564064",270,212,73,58,13,68,58,20,15,16,7
307,"43.645681, -79.399118",145,128,38,32,6,52,17,6,3,4,4
308,"43.635792, -79.353966",136,112,55,42,11,4,24,5,4,3,12
309,"45.591585, -73.618006",945,680,299,166,98,117,265,96,29,37,103
310,"43.760868, -79.351859",510,365,168,109,37,51,145,39,16,31,59
311,"45.500797, -73.629933",677,550,259,189,42,60,127,39,23,30,35
312,"45.599779, -73.572411",850,734,282,184,36,232,116,36,11,18,51
313,"45.563594, -73.580654",109,86,25,29,8,24,23,4,3,6,10
314,"43.683963, -79.353881",245,216,81,48,11,76,29,6,8,6,9
315,"45.570085, -73.612751",865,626,261,137,63,165,239,55,63,48,73
316,"43.718379, -79.443772",778,577,203,152,44,178,201,60,45,40,56
317,"45.545276, -73.626639",307,222,103,50,15,54,85,20,13,22,30
318,"45.531403, -73.637926",466,352,162,109,46,35,114,30,14,13,57
319,"43.761519, -79.419579",821,728,228,200,77,223,93,22,11,16,44
320,"45.539624, -73.645105",406,317,117,66,40,94,89,31,25,25,8
321,"43.618945, -79.439809",912,673,232,137,40,264,239,61,31,35,112
322,"45.537224, -73.58697",760,553,239,185,43,86,207,45,21,24,117
323,"43.780499, -79.405657",231,166,70,40,9,47,65,20,6,8,31
324,"45.582169, -73.6105",130,103,51,33,7,12,27,7,3,3,14
325,"45.527985, -73.561658",135,113,52,41,8,12,22,6,5,5,6
326,"45.506098, -73.622022",240,194,70,71,16,37,46,17,4,10,15
327,"45.547968, -73.571856",452,388,180,118,43,47,64,16,8,6,34
328,"45.559712, -73.64707",930,722,230,264,103,125,208,63,57,34,54
329,"43.620027, -79.384314",372,328,105,93,40,90,44,13,6,6,19
330,"43.718504, -79.369379",814,660,205,222,51,182,154,42,46,34,32
331,"43.698087, -79.440974",338,264,80,85,28,71,74,14,17,13,30
332,"43.668152, -79.432254",921,726,232,150,54,290,195,76,28,26,65
333,"45.596056, -73.612641",778,645,218,215,70,142,133,36,17,18,62
334,"45.579184, -73.553934",764,615,206,213,91,105,149,46,36,42,25
335,"45.522324, -73.591105",279,219,84,87,19,29,60,14,8,17,21
336,"43.789758, -79.35513",500,448,206,93,33,116,52,19,10,14,9
337,"43.727929, -79.439589",608,443,174,97,37,135,165,55,36,26,48
338,"43.764332, -79.382998",846,677,317,137,66,157,169,46,31,20,72
339,"45.525666, -73.639197",101,71,27,21,9,14,30,7,6,6,11
340,"45.535123, -73.612465",948,785,382,214,59,130,163,60,20,18,65
341,"45.502008, -73.623887",207,148,54,34,19,41,59,13,16,6,24
342,"43.66759, -79.351472",594,505,154,156,66,129,89,22,21,13,33
343,"43.620252, -79.429445",294,231,113,81,34,3,63,23,14,10,16
344,"45.52974, -73.640408",502,424,197,146,30,51,78,16,18,7,37
345,"45.508763, -73.56761",740,640,243,152,35,210,100,26,15,30,29
346,"45.597706, -73.602643",218,171,76,64,23,8,47,13,5,14,15
347,"45.518488, -73.561451",478,357,164,76,33,84,121,38,26,20,37
348,"43.767416, -79.393575",254,225,111,87,14,13,29,5,7,4,13
349,"45.597071, -73.591027",666,481,193,162,50,76,185,71,48,54,12
350,"43.695252, -79.442104",974,863,266,300,116,181,111,38,29,32,12
351,"43.624056, -79.374281",277,203,73,52,14,64,74,15,20,9,30
352,"45.520192, -73.567744",251,213,79,62,12,60,38,8,9,11,10
353,"45.555205, -73.564338",632,500,151,200,69,80,132,45,31,29,27
354,"45.511252, -73.635036",680,500,163,172,74,91,180,42,36,52,50
355,"45.587789, -73.623586",770,663,319,141,55,148,107,29,22,14,42
356,"45.503878, -73.561043",439,395,148,85,49,113,44,12,9,4,19
357,"45.581739, -73.619695",387,332,111,95,24,102,55,15,16,12,12
358,"45.526942, -73.608323",761,554,190,166,40,158,207,67,51,53,36
359,"45.582102, -73.598473",262,187,75,69,21,22,75,19,7,12,37
360,"43.775036, -79.429927",159,126,38,39,6,43,33,11,8,4,10
361,"45.536835, -73.603578",506,435,145,174,22,94,71,17,12,14,28
362,"45.517758, -73.562952",700,630,233,170,51,176,70,27,21,11,11
363,"43.657014, -79.411343",266,222,79,58,31,54,44,11,7,8,18
364,"45.551328, -73.563537",885,793,239,279,55,220,92,23,9,16,44
365,"45.560834, -73.5557",829,744,293,256,85,110,85,28,22,16,19
366,"43.69334, -79.38228",944,819,346,312,53,108,125,25,28,33,39
367,"45.556146, -73.590623",389,310,136,68,45,61,79,17,17,15,30
368,"45.586149, -73.623885",828,745,299,197,56,193,83,32,15,9,27
369,"45.566053, -73.581924",838,592,260,181,47,104,246,65,50,49,82
370,"45.573673, -73.591698",685,527,201,197,71,58,158,45,45,37,31
371,"45.584542, -73.565936",997,839,297,242,53,247,158,61,23,31,43
372,"43.789385, -79.360041",770,561,196,157,42,166,209,60,46,41,62
373,"45.526056, -73.620595",971,709,332,154,44,179,262,82,38,58,84
374,"43.7735, -79.411833",405,335,106,86,24,119,70,17,12,13,28
375,"45.514322, -73.563761",284,247,79,80,22,66,37,9,8,3,17
376,"43.690411, -79.429062",892,667,240,258,44,125,225,53,61,49,62
377,"45.540339, -73.553467",492,344,107,136,29,72,148,52,25,44,27
378,"43.778401, -79.374315",643,498,151,185,24,138,145,49,37,21,38
379,"43.738705, -79.415565",232,168,74,65,17,12,64,14,7,19,24
380,"43.65964, -79.420917",845,724,351,230,91,52,121,45,16,22,38
381,"45.535925, -73.631157",931,754,230,208,65,251,177,43,30,18,86
382,"43.624632, -79.378889",911,646,289,194,38,125,265,91,29,68,77
383,"43.730714, -79.448026",806,593,230,174,53,136,213,49,56,37,71
384,"45.570187, -73.629451",802,563,206,165,70,122,239,53,65,56,65
385,"45.56228, -73.579927",528,475,155,160,69,91,53,19,6,9,19
386,"43.756952, -79.400226",723,557,266,144,80,67,166,66,28,38,34
387,"45.529535, -73.646059",608,541,188,196,57,100,67,18,9,6,34
388,"43.734327, -79.359312",955,814,370,200,51,193,141,52,30,16,43
389,"43.780956, -79.385566",567,433,162,145,24,102,134,29,39,18,48
390,"43.77045, -79.413979",793,635,299,156,43,137,158,33,15,23,87
391,"43.665732, -79.360547",736,583,286,209,34,54,153,53,41,25,34
392,"43.622766, -79.409975",567,430,178,147,47,58,137,47,41,38,11
393,"43.622611, -79.380383",160,122,39,37,15,31,38,14,10,5,9
394,"45.577916, -73.588864",983,863,291,295,105,172,120,27,25,26,42
395,"43.612667, -79.384503",112,100,46,38,14,2,12,2,3,2,5
396,"43.68657, -79.377335",593,459,221,177,63,-2,134,38,17,39,40
397,"43.602329, -79.356563",617,539,221,170,36,112,78,17,22,17,22
398,"43.666179, -79.422184",619,461,208,174,47,32,158,56,30,20,52
399,"45.544419, -73.592697",190,164,77,52,11,24,26,8,7,7,4
400,"43.620529, -79.408766",670,468,151,170,62,85,202,80,39,52,31
401,"43.730919, -79.404379",449,360,114,100,47,99,89,27,25,23,14
402,"45.571591, -73.638598",877,781,290,156,82,253,96,30,18,26,22
403,"45.57021, -73.645422",268,218,73,69,13,63,50,14,14,8,14
404,"43.624149, -79.364781",320,282,136,106,20,20,38,12,4,9,13
405,"43.785325, -79.366253",702,522,254,161,55,52,180,68,26,49,37
406,"43.706073, -79.445143",543,487,220,158,56,53,56,13,16,14,13
407,"43.746099, -79.437162",496,431,205,163,41,22,65,21,12,12,20
408,"43.654719, -79.353641",401,337,118,84,42,93,64,21,17,17,9
409,"45.584307, -73.595219",421,364,136,97,31,100,57,20,16,9,12
410,"45.592119, -73.636733",827,744,268,276,106,94,83,26,11,19,27
411,"45.558281, -73.555733",827,684,341,209,88,46,143,53,14,30,46
412,"43.605054, -79.435467",786,564,194,146,76,148,222,54,40,65,63
413,"45.514643, -73.643797",903,707,264,279,39,125,196,61,47,25,63
414,"43.748483, -79.393873",343,305,141,111,40,13,38,11,3,9,15
415,"45.541657, -73.571189",801,640,205,131,64,240,161,44,44,30,43
416,"45.575511, -73.595338",717,551,264,202,39,46,166,51,44,27,44
417,"43.637395, -79.43262",626,453,183,95,49,126,173,51,33,25,64
418,"43.716797, -79.424498",438,365,128,78,27,132,73,24,16,7,26
419,"45.549055, -73.592732",466,335,140,134,30,31,131,31,29,15,56
420,"43.683186, -79.396296",194,157,61,44,17,35,37,12,8,7,10
421,"43.790062, -79.388172",586,481,240,179,24,38,105,24,31,21,29
422,"45.524035, -73.585774",736,577,178,202,84,113,159,51,39,22,47
423,"45.525659, -73.577602",125,103,41,36,13,13,22,7,5,2,8
424,"45.589828, -73.630749",626,448,146,110,56,136,178,69,17,21,71
425,"43.734067, -79.372642",985,864,367,198,69,230,121,41,34,35,11
426,"45.564656, -73.556025",864,643,198,245,74,126,221,46,27,26,122
427,"43.635598, -79.424809",172,134,48,39,12,35,38,14,9,9,6
428,"45.501689, -73.58267",647,453,217,169,26,41,194,75,21,23,75
429,"45.592805, -73.639386",905,808,319,316,51,122,97,28,23,21,25
430,"45.582212, -73.646918",260,216,78,51,22,65,44,16,8,6,14
431,"45.567729, -73.558583",914,804,336,162,110,196,110,39,15,14,42
432,"43.601006, -79.390335",650,475,181,121,70,103,175,57,30,43,45
433,"43.632191, -79.427921",954,731,268,175,59,229,223,86,58,25,54
434,"45.564467, -73.642686",787,567,202,125,40,200,220,81,53,43,43
435,"45.512822, -73.584453",202,159,51,43,17,48,43,15,11,9,8
436,"45.569346, -73.634761",680,568,273,153,55,87,112,27,11,21,53
437,"43.757132, -79.37878",756,640,262,220,49,109,116,44,34,21,17
438,"45.546285, -73.614126",412,350,175,83,28,64,62,22,15,7,18
439,"45.585871, -73.636",651,505,184,194,65,62,146,31,37,16,62
440,"43.769917, -79.386837",932,800,388,263,115,34,132,32,14,30,56
441,"45.554347, -73.550127",583,491,166,144,49,132,92,25,27,18,22
442,"43.69294, -79.398959",506,400,184,81,35,100,106,40,31,15,20
443,"43.689244, -79.432085",679,512,247,195,55,15,167,55,18,30,64
444,"45.523175, -73.623564",339,242,114,61,28,39,97,30,21,24,22
445,"45.588155, -73.64601",764,616,197,213,91,115,148,45,34,40,29
446,"45.583487, -73.623668",657,503,198,183,49,73,154,53,19,31,51
447,"45.597267, -73.62771",515,405,165,143,50,47,110,41,11,27,31
448,"43.68798, -79.427001",626,520,191,131,35,163,106,26,15,21,44
449,"43.732222, -79.408539",438,320,157,125,46,-8,118,29,29,16,44
450,"45.502245, -73.645686",687,521,173,184,58,106,166,35,25,19,87
451,"43.651652, -79.431996",515,436,202,168,22,44,79,24,9,13,33
452,"45.560653, -73.602859",593,436,158,139,59,80,157,40,26,47,44
453,"45.516772, -73.581441",564,470,216,102,37,115,94,30,21,13,30
454,"43.603313, -79.397729",616,518,208,122,63,125,98,22,14,24,38
455,"43.775551, -79.396857",870,639,214,250,47,128,231,84,57,23,67
456,"45.552204, -73.612962",144,122,52,37,9,24,22,7,5,4,6
457,"43.685098, -79.424548",884,677,224,207,85,161,207,57,32,20,98
458,"43.715597, -79.438217",107,86,31,27,10,18,21,6,2,3,10
459,"45.565158, -73.624637",975,819,353,307,86,73,156,48,40,28,40
460,"45.55521, -73.594244",283,221,101,79,26,15,62,16,10,15,21
461,"45.577419, -73.610187",241,210,70,56,24,60,31,12,8,4,7
462,"43.642892, -79.409944",446,382,120,96,43,123,64,22,6,18,18
463,"43.764651, -79.402833",714,610,194,130,46,240,104,27,21,12,44
464,"43.744899, -79.356932",510,435,213,153,39,30,75,16,12,22,25
465,"45.501071, -73.564943",923,778,306,204,42,226,145,54,33,30,28
466,"43.723038, -79.382598",468,357,107,91,22,137,111,30,23,22,36
467,"45.540545, -73.629969",115,103,32,22,13,36,12,3,3,3,3
468,"45.534748, -73.568449",331,255,105,76,30,44,76,15,15,12,34
469,"45.550624, -73.594137",615,467,183,107,55,122,148,59,22,42,25
470,"45.569419, -73.553394",676,596,276,150,77,93,80,26,22,22,10
471,"43.696394, -79.424218",491,424,155,113,41,115,67,19,11,14,23
472,"43.740164, -79.423665",394,286,110,100,37,39,108,31,12,27,38
473,"43.695311, -79.414646",687,548,187,204,70,87,139,33,28,36,42
474,"43.646972, -79.425794",371,285,99,69,40,77,86,24,19,12,31
475,"43.623976, -79.442151",779,671,202,144,94,231,108,32,29,20,27
476,"45.589812, -73.561901",688,551,227,133,75,116,137,43,21,25,48
477,"43.750034, -79.437175",638,554,227,179,29,119,84,32,19,20,13
478,"43.691439, -79.437963",630,499,189,187,24,99,131,26,34,19,52
479,"45.558101, -73.617456",727,574,195,184,44,151,153,45,23,30,55
480,"45.536592, -73.600123",315,273,125,102,24,22,42,13,10,8,11
481,"45.517989, -73.636886",689,540,266,120,73,81,149,37,39,21,52
482,"45.585631, -73.630394",919,681,325,138,56,162,238,73,54,31,80
483,"45.578533, -73.619997",675,484,195,108,68,113,191,48,22,32,89
484,"45.547654, -73.587014",560,487,188,130,47,122,73,25,15,15,18
485,"45.534414, -73.608824",459,407,199,106,56,46,52,19,15,15,3
486,"43.795875, -79.421539",432,388,181,139,47,21,44,9,10,13,12
487,"45.546375, -73.554341",989,734,306,253,109,66,255,76,29,30,120
488,"43.668725, -79.418652",768,611,273,156,68,114,157,56,32,43,26
489,"45.57479, -73.597906",561,444,154,111,23,156,117,27,34,18,38
490,"45.594044, -73.57993",181,139,46,39,7,47,42,9,5,11,17
491,"43.605273, -79.410299",883,639,217,194,50,178,244,53,65,48,78
492,"45.522936, -73.576241",553,467,156,109,56,146,86,22,8,9,47
493,"45.586037, -73.61748",587,469,209,127,58,75,118,37,15,33,33
494,"43.718166, -79.404346",866,768,374,264,105,25,98,39,29,26,4
495,"45.590892, -73.601835",332,243,100,67,23,53,89,30,16,12,31
496,"45.501056, -73.597668",876,647,282,202,92,71,229,79,22,66,62
497,"45.594696, -73.602293",109,89,35,24,4,26,20,8,4,3,5
498,"45.588216, -73.606289",355,268,125,100,33,10,87,29,20,15,23
499,"45.507921, -73.587468",629,537,263,185,77,12,92,26,18,26,22
500,"45.54129, -73.564652",286,208,80,48,30,50,78,29,21,15,13
501,"45.518779, -73.64806",150,122,36,29,7,50,28,7,4,3,14
502,"45.572711, -73.626719",254,177,84,48,18,27,77,28,16,22,11
503,"45.546368, -73.570858",438,316,112,70,32,102,122,48,24,14,36
504,"45.51816, -73.56043",356,297,142,59,17,79,59,23,16,8,12
505,"45.577123, -73.605704",855,606,206,179,77,144,249,98,30,57,64
506,"43.694565, -79.381856",419,334,120,71,49,94,85,20,16,23,26
507,"45.519872, -73.561248",984,858,312,199,72,275,126,45,25,22,34
508,"43.633472, -79.42239",222,180,69,36,10,65,42,15,6,9,12
509,"43.649744, -79.400008",802,719,301,158,42,218,83,27,12,11,33
510,"43.697569, -79.418326",671,557,270,167,73,47,114,28,11,33,42
511,"45.535817, -73.636527",140,113,55,36,13,9,27,7,6,7,7
512,"45.518978, -73.631337",456,360,167,107,53,33,96,24,11,25,36
513,"43.689877, -79.368058",654,550,223,110,76,141,104,40,26,22,16
514,"43.776586, -79.388027",472,409,152,122,24,111,63,22,14,12,15
515,"43.704814, -79.400245",664,503,228,136,45,94,161,58,36,23,44
516,"43.70464, -79.443332",955,701,255,148,60,238,254,56,56,37,105
517,"43.606363, -79.385825",497,431,191,153,60,27,66,24,15,10,17
518,"43.673271, -79.389405",172,120,42,44,13,21,52,11,12,15,14
519,"43.672185, -79.375652",525,472,188,184,26,74,53,19,9,13,12
520,"43.74686, -79.366554",179,138,57,30,7,44,41,11,12,10,8
521,"43.638624, -79.384312",683,523,227,199,61,36,160,58,22,38,42
522,"45.570255, -73.607293",206,154,57,55,23,19,52,15,15,7,15
523,"45.593352, -73.559752",663,547,272,156,53,66,116,43,24,34,15
524,"45.560841, -73.593686",319,271,130,89,36,16,48,13,9,11,15
525,"45.595982, -73.64998",135,103,49,20,13,21,32,7,5,3,17
526,"45.598439, -73.628518",422,297,138,111,44,4,125,47,20,29,29
527,"43.618857, -79.403963",259,189,72,60,27,30,70,17,10,11,32
528,"45.509191, -73.61002",322,234,116,66,26,26,88,22,23,26,17
529,"43.719046, -79.419961",848,740,319,168,44,209,108,31,21,23,33
530,"45.593025, -73.637946",888,679,205,232,39,203,209,60,53,22,74
531,"45.553993, -73.635042",614,518,183,122,28,185,96,31,23,28,14
532,"43.644417, -79.421022",503,370,127,117,23,103,133,41,31,36,25
533,"43.70963, -79.423744",508,419,180,99,28,112,89,32,25,14,18
534,"45.539532, -73.592867",674,605,212,152,34,207,69,17,18,12,22
535,"45.568474, -73.592398",215,192,83,65,20,24,23,6,3,4,10
536,"45.559388, -73.647579",412,309,114,100,43,52,103,39,14,24,26
537,"43.784843, -79.426651",801,655,235,152,46,222,146,52,15,21,58
538,"43.77375, -79.367987",114,89,29,26,11,23,25,8,2,4,11
539,"43.748003, -79.428812",659,527,228,166,65,68,132,49,17,35,31
540,"43.675321, -79.359396",639,458,169,112,25,152,181,54,30,35,62
541,"43.692992, -79.355482",168,141,63,36,17,25,27,10,4,8,5
542,"43.603816, -79.363259",764,632,248,251,79,54,132,42,35,16,39
543,"45.548466, -73.590289",190,144,49,44,14,37,46,17,4,4,21
544,"43.784454, -79.419507",601,470,161,96,45,168,131,47,24,24,36
545,"45.52362, -73.552176",613,464,146,172,39,107,149,57,26,42,24
546,"43.788827, -79.355088",330,249,95,74,33,47,81,20,10,20,31
547,"43.683467, -79.39271",536,414,201,124,48,41,122,41,16,18,47
548,"43.716206, -79.381595",307,269,88,72,35,74,38,15,5,9,9
549,"43.731246, -79.393516",261,202,64,75,27,36,59,22,6,7,24
550,"45.583952, -73.635448",130,115,44,36,11,24,15,5,4,3,3
551,"43.755822, -79.439323",289,203,99,79,18,7,86,24,15,15,32
552,"43.671852, -79.381186",588,428,192,162,51,23,160,55,27,40,38
553,"45.547385, -73.633621",331,235,96,47,19,73,96,32,16,15,33
554,"43.613227, -79.35729",549,494,226,160,68,40,55,16,12,8,19
555,"45.540487, -73.645817",852,693,287,238,102,66,159,33,21,43,62
556,"45.582701, -73.645758",351,311,127,87,17,80,40,16,10,12,2
557,"43.63797, -79.406045",411,323,155,85,43,40,88,26,9,24,29
558,"43.692716, -79.38539",192,166,56,44,12,54,26,8,5,4,9
559,"45.502491, -73.604632",829,631,301,184,42,104,198,55,39,29,75
560,"43.618238, -79.379377",749,616,194,190,75,157,133,38,36,38,21
561,"43.675736, -79.411939",886,663,283,170,53,157,223,53,33,25,112
562,"45.530806, -73.576984",556,425,207,108,28,82,131,30,19,13,69
563,"45.501221, -73.600237",610,496,148,176,55,117,114,29,17,29,39
564,"45.545374, -73.605812",715,501,181,170,42,108,214,81,61,56,16
565,"43.609784, -79.435174",768,626,191,143,85,207,142,29,35,32,46
566,"45.533111, -73.64123",211,173,62,44,17,50,38,15,5,10,8
567,"45.593148, -73.640687",406,325,144,113,20,48,81,29,10,17,25
568,"45.513455, -73.580538",381,308,125,87,28,68,73,20,16,7,30
569,"43.714273, -79.352065",641,470,202,186,67,15,171,52,44,37,38
570,"45.552539, -73.550498",462,339,164,133,47,-5,123,39,17,31,36
571,"43.741717, -79.352074",101,73,21,28,4,20,28,10,8,3,7
572,"45.541404, -73.616621",673,525,158,186,38,143,148,51,23,22,52
573,"43.661555, -79.399331",431,301,97,103,25,76,130,36,25,36,33
574,"43.766409, -79.430598",953,753,347,271,41,94,200,48,50,29,73
575,"45.589206, -73.596303",443,369,162,80,51,76,74,23,17,7,27
576,"43.71548, -79.416828",914,729,234,183,71,241,185,38,39,42,66
577,"43.714196, -79.411043",709,525,257,201,45,22,184,56,20,35,73
578,"45.50868, -73.562295",480,393,155,105,52,81,87,26,13,11,37
579,"45.578494, -73.572221",194,163,80,33,23,27,31,10,4,4,13
580,"45.592364, -73.576756",636,524,256,145,35,88,112,25,27,32,28
581,"43.641037, -79.446345",496,438,197,101,21,119,58,15,5,15,23
582,"43.666658, -79.361081",205,176,71,36,26,43,29,11,4,7,7
583,"43.664176, -79.430745",383,336,140,123,23,50,47,13,6,6,22
584,"45.511446, -73.55417",673,602,193,146,64,199,71,19,15,12,25
585,"45.514156, -73.579565",390,346,134,90,21,101,44,12,13,9,10
586,"45.505073, -73.647101",791,565,182,162,31,190,226,50,49,47,80
587,"43.740936, -79.360872",744,634,281,205,73,75,110,28,33,32,17
588,"43.794736, -79.374426",576,475,158,106,67,144,101,34,13,24,30
589,"45.568448, -73.578978",576,463,167,120,32,144,113,41,19,22,31
590,"45.518335, -73.558274",438,347,162,131,18,36,91,20,24,12,35
591,"45.547865, -73.565423",389,316,110,76,40,90,73,17,12,15,29
592,"43.758486, -79.396725",510,432,181,116,60,75,78,22,12,22,22
593,"45.506606, -73.629176",810,718,325,254,107,32,92,28,26,16,22
594,"43.732522, -79.442211",828,725,341,174,95,115,103,30,27,13,33
595,"45.517617, -73.554412",171,125,58,44,18,5,46,15,9,11,11
596,"43.618107, -79.368297",694,485,241,115,66,63,209,50,48,54,57
597,"45.538998, -73.592207",300,223,109,64,20,30,77,24,20,18,15
598,"43.716545, -79.388851",622,486,161,134,27,164,136,38,30,14,54
599,"43.740671, -79.367925",467,340,138,71,32,99,127,38,34,30,25
600,"45.562521, -73.578823",515,408,177,150,33,48,107,42,15,25,25
601,"43.637645, -79.41154",468,380,133,112,27,108,88,21,8,10,49
602,"43.628799, -79.361511",773,652,229,151,49,223,121,44,25,26,26
603,"45.562325, -73.604561",534,443,189,137,44,73,91,25,14,22,30
604,"43.715588, -79.36532",342,303,107,86,44,66,39,15,8,3,13
605,"43.71363, -79.379512",215,187,86,42,13,46,28,10,7,6,5
606,"45.546494, -73.642177",724,528,189,165,66,108,196,43,53,56,44
607,"45.561304, -73.559641",647,454,196,148,54,56,193,68,55,40,30
608,"45.535291, -73.552224",401,317,116,67,34,100,84,24,9,23,28
609,"43.714572, -79.384368",398,357,110,107,48,92,41,9,6,12,14
610,"43.770289, -79.422215",235,203,77,57,18,51,32,6,8,3,15
611,"43.782026, -79.376103",774,655,290,175,65,125,119,45,18,26,30
612,"43.759874, -79.363799",451,325,115,84,47,79,126,49,25,36,16
613,"45.523795, -73.605981",752,568,196,186,74,112,184,58,21,34,71
614,"43.610505, -79.403599",587,448,194,157,36,61,139,39,34,35,31
615,"45.547459, -73.635485",991,804,244,233,97,230,187,61,38,51,37
616,"43.619473, -79.396871",462,378,147,117,35,79,84,24,11,16,33
617,"45.546111, -73.582471",347,266,112,74,34,46,81,21,18,8,34
618,"43.766338, -79.448804",200,173,57,62,19,35,27,6,7,4,10
619,"45.519308, -73.64763",194,138,60,48,20,10,56,14,14,15,13
620,"43.741615, -79.438002",976,837,284,263,125,165,139,51,41,33,14
621,"43.7792, -79.380435",359,288,115,99,43,31,71,15,17,14,25
622,"45.576936, -73.580778",783,630,221,146,40,223,153,47,39,16,51
623,"45.538859, -73.550404",364,287,97,85,16,89,77,30,13,19,15
624,"43.729097, -79.439157",653,567,197,191,69,110,86,20,22,16,28
625,"43.606972, -79.442959",845,655,310,135,95,115,190,47,19,21,103
626,"45.526644, -73.579994",500,423,126,149,52,96,77,30,20,19,8
627,"43.708026, -79.449669",805,686,236,274,79,97,119,33,32,20,34
628,"45.505519, -73.550298",762,556,212,179,81,84,206,62,25,49,70
629,"45.564779, -73.632338",140,110,54,28,9,19,30,11,6,3,10
630,"45.54865, -73.561479",548,477,167,112,25,173,71,17,7,18,29
631,"43.697847, -79.443701",653,535,223,175,79,58,118,37,11,12,58
632,"45.505605, -73.571222",143,112,36,28,15,33,31,11,7,6,7
633,"43.74821, -79.426701",173,123,59,28,13,23,50,20,5,12,13
634,"43.648537, -79.385121",114,84,26,25,5,28,30,9,7,4,10
635,"43.76356, -79.439367",609,502,228,128,29,117,107,27,23,20,37
636,"45.532423, -73.552415",689,517,196,204,38,79,172,36,28,38,70
637,"43.624149, -79.435876",525,388,163,147,29,49,137,41,20,31,45
638,"43.626674, -79.370895",747,618,284,143,31,160,129,40,14,12,63
639,"43.635883, -79.441086",767,687,278,243,94,72,80,20,14,12,34
640,"45.552309, -73.608797",278,233,113,48,30,42,45,11,11,13,10
641,"43.725438, -79.371742",456,372,111,145,33,83,84,22,11,24,27
642,"43.723784, -79.363727",652,585,203,176,78,128,67,23,16,9,19
643,"45.505307, -73.638732",252,219,95,74,15,35,33,8,8,3,14
644,"43.728972, -79.421494",545,413,165,160,49,39,132,27,16,36,53
645,"43.784972, -79.432411",904,639,315,156,40,128,265,68,72,54,71
646,"45.541907, -73.575291",433,332,113,107,30,82,101,23,17,23,38
647,"43.675106, -79.427934",582,481,206,102,51,122,101,24,16,29,32
648,"45.517806, -73.612651",568,489,170,177,46,96,79,23,13,17,26
649,"43.606419, -79.393133",387,287,93,111,28,55,100,34,23,15,28
650,"45.521985, -73.620484",260,232,109,85,16,22,28,9,6,8,5
651,"43.617295, -79.364303",600,530,186,181,56,107,70,27,14,11,18
652,"43.746004, -79.376382",352,277,103,82,31,61,75,22,11,7,35
653,"45.598018, -73.645994",581,499,247,163,26,63,82,29,24,20,9
654,"45.580972, -73.580335",200,168,81,48,10,29,32,10,9,3,10
655,"45.594993, -73.636729",402,311,134,67,16,94,91,33,18,14,26
656,"45.585792, -73.575271",124,100,44,24,11,21,24,5,4,7,8
657,"45.57039, -73.649864",742,537,210,195,47,85,205,74,22,38,71
658,"45.575289, -73.580195",727,646,246,149,74,177,81,17,24,19,21
659,"43.622193, -79.413441",733,523,202,150,37,134,210,83,56,25,46
660,"43.627681, -79.416507",652,485,228,158,71,28,167,46,30,36,55
661,"45.589793, -73.599643",533,408,128,89,43,148,125,36,26,27,36
662,"43.694033, -79.39681",945,797,313,274,118,92,148,40,39,35,34
663,"43.637671, -79.361602",189,137,53,32,10,42,52,11,6,7,28
664,"45.511202, -73.635205",254,190,90,39,18,43,64,18,16,14,16
665,"43.694781, -79.407987",855,763,233,226,62,242,92,20,9,16,47
666,"45.541169, -73.615721",761,615,246,198,72,99,146,51,30,40,25
667,"45.545801, -73.593275",908,713,256,208,64,185,195,69,42,37,47
668,"43.629668, -79.421562",270,228,78,90,28,32,42,12,6,6,18
669,"43.632251, -79.438308",424,369,126,129,34,80,55,16,7,8,24
670,"43.733111, -79.352198",251,198,87,73,14,24,53,18,9,6,20
671,"43.680912, -79.400058",248,202,80,49,10,63,46,17,12,9,8
672,"45.547391, -73.621017",872,756,263,295,93,105,116,33,33,14,36
673,"45.590017, -73.636058",664,493,186,101,49,157,171,48,45,39,39
674,"43.665273, -79.389185",299,246,106,63,36,41,53,14,8,5,26
675,"43.707682, -79.405454",787,572,236,164,40,132,215,74,41,59,41
676,"43.781689, -79.413894",251,220,93,67,23,37,31,8,3,5,15
677,"45.535136, -73.552248",995,839,273,222,97,247,156,57,43,33,23
678,"43.761135, -79.352964",534,466,192,110,60,104,68,22,7,8,31
679,"43.660646, -79.351162",637,530,167,181,74,108,107,33,12,10,52
680,"45.563881, -73.622667",279,230,98,91,29,12,49,11,7,6,25
681,"45.528946, -73.600941",942,736,297,273,107,59,206,70,34,21,81
682,"43.630805, -79.419983",755,648,225,202,85,136,107,26,25,32,24
683,"43.605689, -79.373528",604,430,205,132,58,35,174,64,44,33,33
684,"45.597426, -73.568172",482,402,193,82,36,91,80,21,9,12,38
685,"45.546104, -73.580672",465,345,109,103,40,93,120,37,32,23,28
686,"43.657971, -79.397039",178,156,58,42,10,46,22,8,3,6,5
687,"45.587244, -73.567318",801,637,260,219,43,115,164,54,25,16,69
688,"43.703634, -79.412699",596,469,183,113,29,144,127,31,16,28,52
689,"43.766315, -79.370489",672,604,289,188,75,52,68,21,17,18,12
690,"43.683469, -79.358397",219,161,49,62,19,31,58,15,16,10,17
691,"43.763408, -79.361027",711,630,286,250,74,20,81,21,17,8,35
692,"43.644472, -79.364318",245,215,78,62,14,61,30,7,4,3,16
693,"45.569082, -73.571597",179,126,61,40,18,7,53,16,5,8,24
694,"43.606559, -79.384021",707,509,212,116,41,140,198,41,23,38,96
695,"43.75091, -79.371763",716,553,240,135,38,140,163,54,17,21,71
696,"43.769172, -79.355816",693,574,217,134,82,141,119,39,35,34,11
697,"43.700982, -79.443166",939,805,244,296,67,198,134,48,19,22,45
698,"43.780332, -79.396287",842,614,302,149,88,75,228,77,67,52,32
699,"45.569813, -73.631487",789,579,196,221,50,112,210,66,48,34,62
700,"43.681516, -79.373859",421,309,121,68,23,97,112,37,22,33,20
701,"45.555713, -73.645939",435,367,124,122,36,85,68,20,15,17,16
702,"45.568705, -73.565891",331,283,102,110,27,44,48,12,5,11,20
703,"45.51793, -73.550128",603,508,165,151,53,139,95,35,11,12,37
704,"43.678962, -79.380496",204,152,49,41,13,49,52,15,8,14,15
705,"45.512276, -73.566189",842,716,285,212,86,133,126,36,27,33,30
706,"45.598752, -73.598859",250,224,96,50,14,64,26,7,5,5,9
707,"43.725674, -79.436539",201,143,68,30,14,31,58,21,5,7,25
708,"45.560458, -73.617304",410,366,121,82,51,112,44,15,11,7,11
709,"45.566209, -73.600975",367,325,140,67,18,100,42,14,5,10,13
710,"45.531456, -73.612366",570,403,124,102,55,122,167,52,26,47,42
711,"45.513449, -73.578428",599,516,168,175,68,105,83,31,23,23,6
712,"43.701337, -79.410862",606,499,197,177,67,58,107,32,19,20,36
713,"43.605629, -79.445488",957,762,317,301,41,103,195,60,43,25,67
714,"45.534514, -73.614263",459,328,129,96,31,72,131,46,22,31,32
715,"43.782078, -79.44345",412,302,111,70,15,106,110,39,21,12,38
716,"45.565777, -73.607753",627,553,218,144,28,163,74,29,7,17,21
717,"45.557035, -73.617758",200,171,57,47,18,49,29,8,6,8,7
718,"45.516663, -73.620048",546,407,185,162,24,36,139,53,40,30,16
719,"43.657471, -79.445247",687,582,276,144,68,94,105,23,28,13,41
720,"45.527336, -73.593357",643,571,225,140,50,156,72,26,8,17,21
721,"45.550464, -73.620009",779,683,284,187,87,125,96,31,17,28,20
722,"45.567156, -73.595244",119,103,46,25,14,18,16,6,2,4,4
723,"45.593716, -73.596728",729,621,305,196,77,43,108,41,11,26,30
724,"43.672855, -79.435226",254,224,110,63,24,27,30,9,5,9,7
725,"43.726785, -79.365403",373,297,130,69,22,76,76,22,19,14,21
726,"43.629992, -79.44723",916,720,334,268,107,11,196,66,46,21,63
727,"43.631872, -79.436357",364,289,128,92,19,50,75,16,22,7,30
728,"43.771917, -79.441607",716,577,283,123,85,86,139,40,41,24,34
729,"43.679379, -79.366019",962,708,272,169,99,168,254,57,58,67,72
730,"45.549645, -73.640975",714,530,257,209,46,18,184,57,55,42,30
731,"43.7871, -79.428199",209,157,60,48,21,28,52,16,9,14,13
732,"43.698072, -79.41253",215,170,85,61,23,1,45,12,8,6,19
733,"45.547522, -73.613226",415,292,128,115,33,16,123,25,35,33,30
734,"43.738136, -79.37112",345,273,116,78,22,57,72,24,18,12,18
735,"43.706982, -79.426362",553,436,131,137,37,131,117,32,13,35,37
736,"43.659485, -79.364058",264,212,103,62,30,17,52,16,5,9,22
737,"43.76464, -79.35595",582,501,202,142,70,87,81,29,11,13,28
738,"45.550633, -73.614814",716,641,275,244,35,87,75,16,12,21,26
739,"43.600615, -79.429992",412,328,108,79,26,115,84,23,24,12,25
740,"45.579264, -73.61806",589,523,250,121,42,110,66,15,16,15,20
741,"45.579953, -73.630134",524,413,146,132,44,91,111,40,18,11,42
742,"43.784622, -79.385289",741,576,288,126,57,105,165,45,32,26,62
743,"43.680207, -79.40711",366,275,87,78,18,92,91,36,12,9,34
744,"45.577336, -73.557172",947,834,376,196,69,193,113,44,17,17,35
745,"45.528796, -73.600583",233,190,70,76,15,29,43,12,7,10,14
746,"43.681705, -79.435406",397,310,108,101,43,58,87,24,19,26,18
747,"45.508574, -73.603112",992,776,333,209,87,147,216,70,59,37,50
748,"43.619056, -79.444125",440,338,161,112,18,47,102,20,18,26,38
749,"45.530251, -73.61053",479,351,110,92,33,116,128,30,28,27,43
750,"45.58779, -73.636808",424,363,163,90,34,76,61,13,11,6,31
751,"43.699842, -79.352663",387,316,149,99,31,37,71,23,20,19,9
752,"45.551697, -73.606422",268,207,93,50,27,37,61,22,16,18,5
753,"45.505322, -73.635138",335,257,79,81,20,77,78,20,21,20,17
754,"43.79904, -79.357279",141,112,44,44,13,11,29,8,5,5,11
755,"43.769168, -79.363312",226,180,59,49,18,54,46,11,6,12,17
756,"45.556325, -73.583686",317,221,99,80,16,26,96,32,11,16,37
757,"45.567691, -73.561263",126,97,32,31,9,25,29,9,2,8,10
758,"45.515378, -73.641894",950,846,421,291,100,34,104,40,18,29,17
759,"43.665885, -79.445615",737,630,230,247,47,106,107,27,11,30,39
760,"45.532317, -73.644446",172,144,45,40,11,48,28,6,3,8,11
761,"45.508919, -73.564765",266,210,88,60,30,32,56,21,7,6,22
762,"45.549085, -73.606764",925,726,250,236,48,192,199,62,51,31,55
763,"45.544544, -73.611191",374,333,153,77,43,60,41,13,6,10,12
764,"45.509295, -73.598666",574,487,174,179,67,67,87,21,23,24,19
765,"43.658141, -79.406264",920,766,305,191,54,216,154,49,30,42,33
766,"45.556854, -73.594901",146,118,38,39,11,30,28,8,2,5,13
767,"45.535546, -73.591443",887,748,228,178,96,246,139,32,38,18,51
768,"45.504526, -73.608375",821,650,275,246,89,40,171,50,38,28,55
769,"43.637017, -79.375297",718,568,281,199,34,54,150,43,32,15,60
770,"43.678987, -79.44867",771,661,315,235,95,16,110,31,30,30,19
771,"45.569066, -73.553686",791,654,273,152,48,181,137,31,13,19,74
772,"43.763194, -79.380397",292,258,78,64,27,89,34,8,6,9,11
773,"43.617219, -79.373028",251,205,88,42,13,62,46,11,6,11,18
774,"45.547149, -73.56402",699,551,190,147,63,151,148,55,40,26,27
775,"43.66677, -79.439734",967,858,367,277,105,109,109,39,29,27,14
776,"45.503702, -73.610032",625,512,245,180,68,19,113,37,18,33,25
777,"43.705662, -79.4078",423,366,117,107,44,98,57,18,6,12,21
778,"45.544833, -73.606377",265,203,72,70,21,40,62,19,9,14,20
779,"43.717532, -79.381503",716,620,202,237,49,132,96,31,22,20,23
780,"45.579976, -73.565547",736,568,206,201,75,86,168,38,46,24,60
781,"43.639897, -79.389425",203,168,81,52,15,20,35,10,3,3,19
782,"45.588091, -73.614296",262,194,90,40,11,53,68,18,12,7,31
783,"43.624138, -79.42759",364,297,139,81,38,39,67,13,18,20,16
784,"45.589632, -73.564659",994,826,401,191,47,187,168,61,45,23,39
785,"43.75633, -79.389034",978,710,223,271,48,168,268,63,66,33,106
786,"43.782197, -79.434297",399,335,164,130,22,19,64,14,16,11,23
787,"45.581916, -73.637702",306,242,98,48,19,77,64,25,18,13,8
788,"45.528676, -73.632874",372,307,137,109,41,20,65,18,16,16,15
789,"43.630322, -79.374649",531,471,170,111,50,140,60,18,12,13,17
790,"45.594374, -73.605742",888,623,277,227,64,55,265,57,31,47,130
791,"45.540165, -73.572763",544,387,166,81,28,112,157,34,33,41,49
792,"45.588578, -73.579921",994,772,311,242,39,180,222,61,55,61,45
793,"43.740059, -79.405381",310,273,115,93,38,27,37,14,8,9,6
794,"43.776195, -79.441572",650,539,210,199,72,58,111,26,27,28,30
795,"45.521373, -73.598833",419,359,150,91,18,100,60,12,18,14,16
796,"45.524134, -73.572584",843,698,338,167,41,152,145,55,25,22,43
797,"45.512381, -73.574344",227,186,74,73,9,30,41,15,9,7,10
798,"43.670067, -79.421546",903,778,268,251,104,155,125,48,19,15,43
799,"45.551645, -73.630744",897,719,331,168,53,167,178,62,43,22,51
800,"43.612439, -79.361149",587,437,188,96,44,109,150,51,31,27,41
801,"45.587201, -73.59157",751,633,301,251,84,-3,118,28,15,27,48
802,"43.696953, -79.404229",821,705,346,171,62,126,116,37,26,12,41
803,"43.788814, -79.413067",221,192,83,45,12,52,29,7,6,4,12
804,"43.704555, -79.438226",412,335,138,104,47,46,77,15,11,11,40
805,"45.504865, -73.560575",390,300,101,112,38,49,90,33,9,12,36
806,"45.506756, -73.645532",592,487,185,169,52,81,105,31,22,25,27
807,"43.75239, -79.399524",571,496,205,184,52,55,75,19,17,9,30
808,"45.538724, -73.559976",447,381,119,132,36,94,66,23,7,19,17
809,"43.741442, -79.392801",915,821,325,307,123,66,94,21,26,11,36
810,"43.791034, -79.395817",875,625,309,197,64,55,250,62,73,55,60
811,"43.624057, -79.356382",284,199,76,52,16,55,85,31,10,25,19
812,"45.54018, -73.645502",982,692,294,249,57,92,290,84,30,84,92
813,"45.538201, -73.640897",201,174,62,52,12,48,27,6,4,8,9
814,"43.630845, -79.354784",794,598,186,197,49,166,196,50,20,22,104
815,"45.538994, -73.617996",522,406,154,129,27,96,116,24,17,18,57
816,"43.698596, -79.374761",494,359,141,78,37,103,135,41,30,26,38
817,"43.696834, -79.409251",339,239,88,82,29,40,100,23,17,27,33
818,"43.660923, -79.409325",185,161,61,41,19,40,24,8,3,3,10
819,"45.596135, -73.594485",142,99,43,38,8,10,43,10,4,4,25
820,"45.52733, -73.624911",796,654,285,184,97,88,142,37,15,19,71
821,"43.660128, -79.41047",225,165,66,60,14,25,60,21,14,18,7
822,"45.588393, -73.555459",750,591,273,208,57,53,159,48,30,35,46
823,"45.521062, -73.554101",436,307,150,105,23,29,129,45,12,31,41
824,"45.500428, -73.649042",277,219,100,87,32,0,58,18,17,11,12
825,"43.757461, -79.38509",179,159,48,59,10,42,20,6,5,6,3
826,"45.538675, -73.566085",931,829,250,196,100,283,102,31,16,24,31
827,"43.644304, -79.448022",387,315,118,74,34,89,72,26,18,10,18
828,"43.796024, -79.35327",137,103,45,39,8,11,34,6,6,9,13
829,"43.773983, -79.39309",605,444,203,112,64,65,161,43,20,24,74
830,"43.625486, -79.356644",976,741,355,218,61,107,235,90,24,67,54
831,"45.568068, -73.56169",102,84,26,26,10,22,18,6,3,1,8
832,"45.549557, -73.598274",144,128,61,32,6,29,16,5,4,4,3
833,"45.500516, -73.630539",183,164,50,46,21,47,19,3,2,2,12
834,"43.665845, -79.443716",740,542,165,169,54,154,198,40,56,59,43
835,"45.584051, -73.625285",584,438,174,93,42,129,146,45,39,21,41
836,"43.75515, -79.388043",882,641,306,159,42,134,241,51,26,48,116
837,"45.589008, -73.580664",901,662,213,245,40,164,239,66,62,63,48
838,"45.506579, -73.582244",672,483,181,144,49,109,189,43,44,32,70
839,"43.690682, -79.403579",538,455,215,103,43,94,83,16,22,24,21
840,"45.558781, -73.639199",112,97,31,37,7,22,15,4,3,3,5
841,"45.54814, -73.587915",290,218,73,45,11,89,72,16,11,16,29
842,"45.551313, -73.58483",466,365,178,91,27,69,101,35,19,29,18
843,"45.529106, -73.552973",630,516,238,189,34,55,114,23,18,27,46
844,"43.684412, -79.430459",305,253,87,100,14,52,52,15,8,15,14
845,"45.569478, -73.551808",714,583,283,190,65,45,131,36,32,22,41
846,"45.532862, -73.639515",997,707,338,197,35,137,290,98,43,73,76
847,"43.693307, -79.428686",592,508,250,143,76,39,84,28,14,20,22
848,"43.765217, -79.449327",110,79,34,15,11,19,31,6,4,5,16
849,"45.51944, -73.591431",883,710,224,149,60,277,173,46,35,28,64
850,"43.777076, -79.378116",447,382,145,98,31,108,65,13,8,19,25
851,"45.591065, -73.647901",793,590,225,201,79,85,203,47,41,33,82
852,"45.54562, -73.613036",481,420,147,151,60,62,61,18,17,7,19
853,"43.628886, -79.357584",913,687,255,273,82,77,226,89,45,42,50
854,"45.597698, -73.625545",147,126,56,43,9,18,21,8,4,3,6
855,"45.524717, -73.587054",386,286,139,89,32,26,100,35,16,12,37
856,"45.5791, -73.588511",271,221,90,85,27,19,50,15,12,13,10
857,"45.5179, -73.578751",638,569,261,176,58,74,69,17,15,12,25
858,"43.64144, -79.360512",562,503,180,150,38,135,59,15,11,11,22
859,"43.7871, -79.412589",663,485,162,193,29,101,178,53,45,50,30
860,"45.523018, -73.645886",624,515,197,157,53,108,109,35,23,23,28
861,"45.58045, -73.618298",491,346,125,125,31,65,145,37,34,16,58
862,"45.590148, -73.620548",613,494,217,180,29,68,119,31,18,14,56
863,"43.61427, -79.446172",305,234,82,89,21,42,71,18,11,18,24
864,"45.519064, -73.589597",241,216,98,59,10,49,25,7,4,4,10
865,"45.594582, -73.567814",875,779,236,275,103,165,96,23,21,16,36
866,"43.744667, -79.429012",339,303,127,110,32,34,36,14,10,8,4
867,"43.662615, -79.431215",888,799,345,212,95,147,89,31,25,8,25
868,"45.513895, -73.562625",412,289,117,108,35,29,123,35,22,19,47
869,"45.542572, -73.574737",881,792,374,234,80,104,89,35,8,26,20
870,"43.784429, -79.434631",438,378,186,125,42,25,60,15,12,7,26
871,"45.518834, -73.639136",683,593,258,232,48,55,90,20,14,12,44
872,"43.606412, -79.381098",600,423,149,109,25,140,177,59,35,30,53
873,"43.658221, -79.39756",565,402,167,146,20,69,163,42,36,42,43
874,"45.515704, -73.638926",649,561,229,207,32,93,88,29,14,12,33
875,"43.661951, -79.36821",780,667,240,212,58,157,113,38,33,32,10
876,"45.527544, -73.649256",246,200,64,65,29,42,46,12,12,9,13
877,"45.54602, -73.592387",854,620,222,206,87,105,234,75,45,67,47
878,"45.539109, -73.567657",970,723,322,207,58,136,247,88,70,51,38
879,"45.538466, -73.584092",815,715,238,243,40,194,100,27,15,18,40
880,"45.566666, -73.643326",843,645,319,234,47,45,198,62,23,25,88
881,"45.54101, -73.633516",312,250,77,79,12,82,62,13,16,17,16
882,"45.538116, -73.575404",976,732,320,155,37,220,244,64,31,69,80
883,"43.665422, -79.375132",596,476,150,105,58,163,120,45,19,34,22
884,"45.514026, -73.567957",961,713,256,146,47,264,248,60,42,31,115
885,"45.516845, -73.582861",111,98,37,23,11,27,13,4,1,1,7
886,"43.778538, -79.39677",552,475,148,176,56,95,77,18,19,16,24
887,"45.505242, -73.649533",890,719,266,206,82,165,171,49,29,22,71
888,"43.684337, -79.351071",445,335,108,95,22,110,110,43,16,16,35
889,"43.683136, -79.439232",434,344,127,94,51,72,90,30,22,12,26
890,"43.642756, -79.414342",277,193,82,58,9,44,84,28,14,22,20
891,"43.613203, -79.368492",765,629,193,133,58,245,136,40,22,37,37
892,"45.59831, -73.639819",649,497,181,111,62,143,152,40,35,37,40
893,"45.56779, -73.552763",810,601,222,142,70,167,209,61,62,50,36
894,"43.667021, -79.389147",699,603,228,185,70,120,96,26,25,27,18
895,"43.646521, -79.388365",227,177,68,62,15,32,50,19,6,5,20
896,"43.674905, -79.420339",255,202,73,42,17,70,53,21,14,12,6
897,"45.513427, -73.618246",905,643,298,201,35,109,262,66,72,47,77
898,"45.524225, -73.596069",780,609,284,208,74,43,171,48,41,50,32
899,"45.518355, -73.587022",166,147,46,35,8,58,19,4,2,2,11
900,"43.634735, -79.395115",914,691,267,267,44,113,223,71,51,41,60
901,"43.744335, -79.425508",280,234,85,65,20,64,46,18,11,7,10
902,"45.586243, -73.601883",468,377,161,96,48,72,91,32,22,25,12
903,"45.576032, -73.56804",912,761,233,249,92,187,151,57,17,39,38
904,"45.559518, -73.63472",844,634,255,223,90,66,210,61,50,39,60
905,"45.556214, -73.601916",441,325,157,90,25,53,116,29,11,11,65
906,"45.549145, -73.557431",504,447,181,138,53,75,57,15,15,14,13
907,"43.681758, -79.446117",227,182,90,46,15,31,45,15,8,9,13
908,"45.563498, -73.613182",159,135,53,50,9,23,24,5,5,2,12
909,"45.563095, -73.582357",814,606,214,198,59,135,208,50,36,35,87
910,"43.602467, -79.372903",759,629,238,215,41,135,130,42,19,26,43
911,"43.76595, -79.424713",409,350,173,118,36,23,59,22,11,17,9
912,"43.621855, -79.392739",916,729,254,213,62,200,187,62,37,18,70
913,"43.763278, -79.449842",171,145,59,42,17,27,26,7,7,5,7
914,"43.63528, -79.43136",237,177,84,46,24,23,60,13,13,15,19
915,"43.637128, -79.444102",287,251,123,62,20,46,36,13,10,4,9
916,"43.615962, -79.441429",227,175,56,56,8,55,52,19,8,12,13
917,"45.56728, -73.639919",162,130,63,26,16,25,32,10,9,3,10
918,"43.642214, -79.370821",484,415,190,117,51,57,69,20,18,11,20
919,"45.533655, -73.581814",451,355,136,117,42,60,96,31,28,10,27
920,"45.587308, -73.569373",103,86,37,21,4,24,17,3,5,3,6
921,"43.673686, -79.388165",774,662,329,237,57,39,112,22,31,21,38
922,"43.726755, -79.362657",926,731,332,205,98,96,195,64,58,24,49
923,"45.542792, -73.556852",587,494,237,110,70,77,93,30,18,15,30
924,"43.773972, -79.362377",903,761,236,184,101,240,142,53,16,23,50
925,"45.516805, -73.605371",218,182,88,51,16,27,36,10,5,4,17
926,"43.686979, -79.378423",264,204,85,57,17,45,60,23,10,16,11
927,"45.59515, -73.58294",781,580,242,197,75,66,201,71,25,41,64
928,"43.786356, -79.373366",715,516,236,146,49,85,199,63,54,46,36
929,"43.64471, -79.438431",189,139,43,37,17,42,50,19,8,6,17
930,"45.512742, -73.618663",489,415,124,122,23,146,74,20,19,20,15
931,"45.577128, -73.570248",915,672,334,190,46,102,243,73,24,58,88
932,"45.531593, -73.568385",403,310,124,105,44,37,93,22,18,13,40
933,"43.719776, -79.419111",805,594,213,226,74,81,211,78,51,61,21
934,"43.699005, -79.379586",485,346,145,88,30,83,139,54,36,38,11
935,"43.740081, -79.444743",986,735,344,247,74,70,251,92,35,26,98
936,"45.533741, -73.58221",456,369,160,82,51,76,87,26,17,14,30
937,"45.509732, -73.617658",910,785,248,234,97,206,125,45,17,30,33
938,"43.688377, -79.401756",248,186,68,49,9,60,62,17,17,15,13
939,"43.735664, -79.351152",251,199,86,49,10,54,52,11,10,12,19
940,"43.789013, -79.438265",627,521,199,179,53,90,106,25,30,22,29
941,"43.606799, -79.425914",600,458,225,167,33,33,142,48,37,26,31
942,"43.755546, -79.36351",765,632,259,206,87,80,133,37,13,16,67
943,"43.616527, -79.401078",784,678,260,140,94,184,106,29,13,28,36
944,"43.676792, -79.350005",819,684,281,168,46,189,135,37,15,35,48
945,"43.681066, -79.379926",503,423,194,151,52,26,80,18,24,11,27
946,"43.793136, -79.36024",285,254,114,94,17,29,31,6,7,6,12
947,"45.512305, -73.637118",311,258,87,56,29,86,53,14,5,6,28
948,"43.70123, -79.413644",657,502,204,184,25,89,155,46,34,17,58
949,"45.565916, -73.605508",690,607,270,161,63,113,83,27,24,14,18
950,"43.732523, -79.445526",137,101,34,29,8,30,36,9,6,8,13
951,"45.512849, -73.587769",176,158,63,47,19,29,18,4,4,4,6
952,"43.788948, -79.382347",811,603,248,146,34,175,208,81,37,60,30
953,"43.742889, -79.393636",763,664,240,239,52,133,99,29,22,21,27
954,"43.792804, -79.42525",376,278,117,62,34,65,98,36,22,11,29
955,"45.564018, -73.613718",441,342,120,96,34,92,99,19,12,21,47
956,"43.675726, -79.4395",226,169,83,52,23,11,57,12,13,10,22
957,"45.555154, -73.589253",149,109,42,33,7,27,40,13,12,12,3
958,"45.547686, -73.637243",109,97,45,23,14,15,12,2,1,2,7
959,"45.505286, -73.577458",479,425,158,162,47,58,54,21,12,7,14
960,"45.598625, -73.570153",614,465,174,147,56,88,149,59,36,42,12
961,"43.661037, -79.364208",412,340,142,79,22,97,72,15,18,10,29
962,"43.633023, -79.444259",861,675,328,137,87,123,186,69,26,48,43
963,"45.551501, -73.550205",645,482,195,97,63,127,163,44,16,43,60
964,"45.524423, -73.576102",943,795,393,169,116,117,148,43,44,19,42
965,"43.634963, -79.413295",236,197,81,42,22,52,39,14,9,5,11
966,"45.596973, -73.616204",795,619,291,192,84,52,176,42,35,36,63
967,"45.529355, -73.628693",855,759,372,251,64,72,96,28,25,10,33
968,"45.589249, -73.565165",158,132,39,45,13,35,26,7,4,4,11
969,"43.601031, -79.36098",290,228,90,45,14,79,62,18,13,9,22
970,"43.705819, -79.360149",520,379,175,75,27,102,141,52,35,22,32
971,"43.69414, -79.412569",473,385,138,145,36,66,88,20,22,22,24
972,"43.627975, -79.375291",105,84,31,19,7,27,21,6,2,3,10
973,"45.542106, -73.616879",132,97,35,34,14,14,35,11,4,9,11
974,"45.555012, -73.570018",831,613,224,218,78,93,218,68,53,45,52
975,"43.621947, -79.439212",121,88,30,28,12,18,33,6,9,8,10
976,"43.610408, -79.367016",539,453,136,145,52,120,86,26,17,23,20
977,"43.75218, -79.425225",256,225,99,56,18,52,31,8,9,3,11
978,"45.599426, -73.625265",940,767,280,274,51,162,173,66,28,29,50
979,"43.645877, -79.43677",139,105,37,25,11,32,34,6,6,4,18
980,"43.676071, -79.397503",816,733,278,202,79,174,83,29,23,9,22
981,"45.564387, -73.619571",375,308,109,121,37,41,67,24,12,9,22
982,"45.589511, -73.631825",100,71,31,25,8,7,29,6,4,5,14
983,"45.590848, -73.639924",289,218,96,66,20,36,71,18,8,8,37
984,"43.736592, -79.372954",233,184,78,59,27,20,49,17,13,9,10
985,"43.73005, -79.428997",493,356,119,87,24,126,137,28,31,41,37
986,"43.638586, -79.405423",201,144,60,47,12,25,57,15,16,12,14
987,"43.706712, -79.434633",230,173,77,69,16,11,57,19,10,10,18
988,"45.562986, -73.638257",546,390,178,131,52,29,156,32,25,32,67
989,"43.657931, -79.35442",162,125,60,37,13,15,37,8,5,10,14
990,"45.55625, -73.610975",721,573,197,137,28,211,148,34,32,20,62
991,"43.775831, -79.370935",566,460,228,184,56,-8,106,29,19,17,41
992,"45.570825, -73.594785",275,206,63,75,17,51,69,17,6,16,30
993,"43.788409, -79.422224",236,182,57,51,15,59,54,18,6,5,25
994,"45.563268, -73.552778",432,312,126,108,23,55,120,37,31,21,31
995,"45.598526, -73.587404",110,88,33,25,6,24,22,6,2,6,8
996,"43.74452, -79.381188",769,603,291,200,70,42,166,46,44,30,46
997,"45.526879, -73.591834",927,749,263,263,66,157,178,62,40,26,50
998,"45.509369, -73.631849",289,254,87,62,30,75,35,14,5,7,9
999,"43.662032, -79.361475",937,755,274,168,55,258,182,40,45,33,64
